SERVICE,PART_NAME,count
Drivetrain-Brakes-Rebuild,Screen Filters,175
Drivetrain-Brakes-Rebuild,Gaskets,1374
Drivetrain-Brakes-Rebuild,Seals Gaskets and O-Rings,16384
Drivetrain-Axle-Rebuild,Bolts and Screws,1823
Drivetrain-Brakes-Rebuild,Kit - Drivetrain and Steering,3245
Engine-Injector Group-Rebuild,Washers and Spacers,2740
Drivetrain-Brakes-Repair,Shims,19
Engine-Injector Group-Rebuild,Seals Gaskets and O-Rings,4390
Drivetrain-Brakes-Rebuild,Caps and Plugs,893
Drivetrain-Brakes-Rebuild,Shims,499
Engine-Water Pump Group-Rebuild,Impellers,36
Engine-Injector Group-Rebuild,Clamps and Clips,3506
Drivetrain-Brakes-Rebuild,Hose Assemblies,3324
Engine-Water Pump Group-Rebuild,Housings and Covers,6
Engine-Injector Group-Rebuild,Grommets,597
Drivetrain-Axle-Rebuild,Fasteners Nuts,210
Engine-Injector Group-Rebuild,Bolts and Screws,2562
Engine-Turbo Group-Rebuild,Clamps and Clips,315
Engine-Turbo Group-Rebuild,Washers and Spacers,187
Engine-Injector Group-Rebuild,Hose adapters,1030
Drivetrain-Axle-Rebuild,Bearings,1689
Drivetrain-Brakes-Rebuild,Kit - Maintenance,6492
Engine-Injector Group-Rebuild,Kit - Engines,128
Drivetrain-Axle-Rebuild,Gaskets,159
Drivetrain-Brakes-Rebuild,Springs,1815
Drivetrain-Brakes-Repair,Seals Gaskets and O-Rings,606
Drivetrain-Brakes-Rebuild,Bolts and Screws,1701
Engine-Water Pump Group-Rebuild,Water Pumps,270
Drivetrain-Axle-Rebuild,Rotating Seals,278
Drivetrain-Brakes-Rebuild,Pins,538
Engine-Injector Group-Rebuild,Injectors,338
Engine-Injector Group-Rebuild,Valve Cartridges,865
Drivetrain-Brakes-Rebuild,Information Films,232
Drivetrain-Brakes-Rebuild,Washers and Spacers,869
Drivetrain-Brakes-Rebuild,Rings,6
Drivetrain-Differential-Repair,Grease,3610
Drivetrain-Axle-Rebuild,Grommets,5
Engine-Injector Group-Rebuild,Fasteners Nuts,638
Engine-Injector Group-Rebuild,Caps and Plugs,1876
Drivetrain-Brakes-Rebuild,Valve Components,698
Drivetrain-Axle-Rebuild,Driveshafts and Joint Groups,2547
Drivetrain-Brakes-Rebuild,Friction Discs,898
Drivetrain-Brakes-Rebuild,Kit - Hydraulics,772
Drivetrain-Brakes-Rebuild,Bearings,805
Engine-Turbo Group-Rebuild,Fasteners Nuts,69
Drivetrain-Brakes-Rebuild,Retaining Rings,165
Drivetrain-Axle-Rebuild,Thrust Washers,84
Drivetrain-Brakes-Rebuild,Bars Plates and Strips,804
Drivetrain-Axle-Rebuild,Transmission Cases,21
Drivetrain-Brakes-Rebuild,Fasteners Studs,913
Engine-Turbo Group-Rebuild,Seals Gaskets and O-Rings,424
Engine-Water Pump Group-Rebuild,Gaskets,154
Drivetrain-Brakes-Rebuild,Solid Rods,288
Drivetrain-Brakes-Repair,Valve Cartridges,128
Drivetrain-Brakes-Rebuild,Duo Cone Group,738
Drivetrain-Brakes-Rebuild,Brake Groups,14
Drivetrain-Axle-Rebuild,Seals Gaskets and O-Rings,1516
Drivetrain-Brakes-Rebuild,Clamps and Clips,1337
Drivetrain-Axle-Rebuild,Planet Carriers,8
Engine-Injector Group-Rebuild,Dowel Pins,509
Drivetrain-Brakes-Rebuild,Controls-Switching,485
Drivetrain-Brakes-Rebuild,Joystick Components,163
Drivetrain-Brakes-Rebuild,Breathers,797
Drivetrain-Brakes-Rebuild,Tubes,53
Engine-Water Pump Group-Rebuild,Rotating Seals,30
Drivetrain-Brakes-Rebuild,Tanks,15
Drivetrain-Brakes-Repair,Fasteners Studs,29
Drivetrain-Brakes-Repair,Hydraulics Filter Components,26
Engine-Injector Group-Rebuild,Temperature Sensors,397
Drivetrain-Axle-Rebuild,Mounts,17
Drivetrain-Brakes-Rebuild,Hose adapters,1682
Drivetrain-Axle-Rebuild,Bearing Housings,152
Drivetrain-Differential-Repair,No Data,596
Drivetrain-Axle-Rebuild,Clamps and Clips,140
Engine-Turbo Group-Rebuild,Gaskets,194
Drivetrain-Axle-Rebuild,Bars Plates and Strips,307
Drivetrain-Brakes-Rebuild,Hyd Cylinder Piston,232
Drivetrain-Brakes-Rebuild,Separator Plates,273
Drivetrain-Brakes-Rebuild,Valve Groups and Assemblies,251
Drivetrain-Brakes-Repair,Bolts and Screws,234
Drivetrain-Axle-Rebuild,Shims,138
Drivetrain-Axle-Rebuild,Caps and Plugs,345
Drivetrain-Brakes-Rebuild,Brake Valves,141
Engine-Water Pump Group-Rebuild,Shafts,89
Engine-Turbo Group-Rebuild,Hose Assemblies,94
Engine-Injector Group-Rebuild,Fasteners Rivets,5
Drivetrain-Brakes-Repair,Valve Groups and Assemblies,13
Drivetrain-Axle-Rebuild,Connector,6
Drivetrain-Brakes-Rebuild,Grommets,123
Drivetrain-Axle-Rebuild,Washers and Spacers,686
Drivetrain-Brakes-Rebuild,Fluid Filter,106
Engine-Turbo Group-Rebuild,Bolts and Screws,292
Drivetrain-Brakes-Rebuild,Hubs,110
Drivetrain-Brakes-Rebuild,Housing,21
Drivetrain-Axle-Rebuild,Yoke Assemblies,182
Drivetrain-Brakes-Repair,Hose adapters,23
Drivetrain-Brakes-Rebuild,Master Cylinders,199
Drivetrain-Brakes-Rebuild,Fasteners Nuts,661
Drivetrain-Brakes-Rebuild,Manually Operated Valves,150
Engine-Engine cooling system-Replacement,Seals Gaskets and O-Rings,28
Engine-Turbo Group-Rebuild,Hose adapters,49
Engine-Turbo Group-Rebuild,Turbos and Turbo Groups,135
Drivetrain-Brakes-Rebuild,No Data,409
Drivetrain-Brakes-Repair,Caps and Plugs,31
Drivetrain-Axle-Rebuild,Planet Gears,19
Drivetrain-Axle-Rebuild,Trunnion Supports,80
Drivetrain-Axle-Rebuild,Sun Gears,32
Engine-Injector Group-Rebuild,Dealer Shop Supplies and Specialty,69
Engine-Water Pump Group-Rebuild,Shaft Seals,96
Engine-Turbo Group-Rebuild,Sensors,50
Drivetrain-Brakes-Rebuild,Retaining Pins,33
Drivetrain-Brakes-Rebuild,DT Valve Groups,36
Engine-Turbo Group-Rebuild,Kit - Engines,79
Engine-Turbo Group-Rebuild,Thermostat,59
Drivetrain-Axle-Rebuild,Duo Cone Group,118
Drivetrain-Brakes-Rebuild,Tube Components,39
Drivetrain-Brakes-Rebuild,Other Non-Metallic Covers and Supports,62
Drivetrain-Brakes-Repair,Kit - Hydraulics,17
Drivetrain-Brakes-Rebuild,Linkage Pins,99
Engine-Water Pump Group-Rebuild,Bearings,51
Engine-Injector Group-Rebuild,Bridge,133
Drivetrain-Axle-Rebuild,Shafts,110
Engine-Injector Group-Rebuild,Mounts,434
Drivetrain-Axle-Rebuild,Retaining Rings,96
Engine-Water Pump Group-Rebuild,Pulleys,21
Drivetrain-Brakes-Rebuild,Valve Cartridges,91
Drivetrain-Brakes-Repair,Bearings,106
Drivetrain-Brakes-Rebuild,Thrust Washers,77
Drivetrain-Brakes-Rebuild,Rotating Seals,162
Drivetrain-Brakes-Repair,Thrust Washers,25
Drivetrain-Brakes-Rebuild,Spherical Balls,17
Drivetrain-Brakes-Rebuild,Controls-Primary,115
Engine-Injector Group-Rebuild,Custom Supports,27
Drivetrain-Brakes-Rebuild,Bulk Seals,8
Drivetrain-Brakes-Rebuild,Connector Components,5
Engine-Injector Group-Rebuild,Information Films,25
Drivetrain-Brakes-Repair,Shafts,6
Drivetrain-Axle-Rebuild,Bearing,12
Drivetrain-Axle-Rebuild,Yokes,46
Drivetrain-Brakes-Rebuild,Kit - Engines,49
Drivetrain-Differential-Repair,Bolts and Screws,27
Engine-Injector Group-Rebuild,Fasteners Studs,98
Drivetrain-Axle-Rebuild,Dowel Pins,82
Drivetrain-Brakes-Rebuild,Needs Class,33
Drivetrain-Brakes-Rebuild,Seat Assembly,33
Drivetrain-Axle-Rebuild,Hose adapters,71
Engine-Injector Group-Rebuild,Connector,2
Drivetrain-Differential-Repair,Seals Gaskets and O-Rings,23
Drivetrain-Brakes-Rebuild,Dowel Pins,86
Drivetrain-Brakes-Repair,Hose Assemblies,12
Drivetrain-Brakes-Repair,Washers and Spacers,84
Drivetrain-Brakes-Rebuild,Bearing Retainers,71
Drivetrain-Brakes-Rebuild,Accumulators and Accumulator Components,72
Engine-Turbo Group-Rebuild,Cartridges,34
Engine-Injector Group-Rebuild,Connector Components,31
Drivetrain-Brakes-Rebuild,Rounds,75
Drivetrain-Brakes-Rebuild,Being reviewed,42
Drivetrain-Brakes-Repair,Position Sensors,24
Engine-Injector Group-Rebuild,Fuel Pumps,7
Drivetrain-Brakes-Rebuild,Buttons and Knobs,83
Engine-Injector Group-Rebuild,Threaded Bosses,13
Drivetrain-Axle-Rebuild,Valve Components,16
Drivetrain-Brakes-Repair,Common Electrical Components,6
Drivetrain-Brakes-Repair,Planet Carriers,6
Drivetrain-Brakes-Rebuild,Brackets Supports and Mounts,17
Engine-Water Pump Group-Rebuild,Clamps and Clips,14
Drivetrain-Brakes-Rebuild,Valve In-line,52
Engine-Water Pump Group-Rebuild,Washers and Spacers,24
Engine-Water Pump Group-Rebuild,Hose Assemblies,12
Drivetrain-Brakes-Repair,Fasteners Nuts,21
Drivetrain-Brakes-Rebuild,Harness Assembly,6
Drivetrain-Brakes-Rebuild,Dust Ejector Check Valves,23
Drivetrain-Axle-Rebuild,Kit - Hydraulics,18
Drivetrain-Brakes-Rebuild,Accumulators Receivers and Dryers,10
Engine-Turbo Group-Rebuild,Fasteners Studs,89
Engine-Engine cooling system-Replacement,Hose Assemblies,30
Drivetrain-Axle-Rebuild,Hub,8
Engine-Water Pump Group-Rebuild,Caps and Plugs,11
Drivetrain-Axle-Rebuild,Trunnions,51
Engine-Injector Group-Rebuild,Carburetors and Governors,1
Drivetrain-Brakes-Repair,Retaining Rings,14
Drivetrain-Axle-Rebuild,Gears,8
Drivetrain-Brakes-Rebuild,Hydraulics Filter Components,31
Drivetrain-Brakes-Rebuild,Brake Anchor,20
Drivetrain-Brakes-Rebuild,Other Metallic Covers,68
Drivetrain-Brakes-Repair,Control Units and ECMs,2
Drivetrain-Brakes-Repair,Accumulators and Accumulator Components,4
Engine-Water Pump Group-Rebuild,Seals Gaskets and O-Rings,99
Drivetrain-Axle-Rebuild,Breathers,11
Drivetrain-Brakes-Rebuild,Dealer Service Tools,2
Drivetrain-Differential-Repair,Washers and Spacers,15
Engine-Water Pump Group-Rebuild,Impeller Hubs,3
Drivetrain-Differential-Repair,Bearing Retainers,2
Drivetrain-Brakes-Repair,Friction Discs,21
Engine-Turbo Group-Rebuild,Caps and Plugs,48
Engine-Injector Group-Rebuild,Springs,2
Drivetrain-Brakes-Rebuild,Dampers,3
Drivetrain-Differential-Repair,Fasteners Nuts,4
Engine-Turbo Group-Rebuild,Tube and Bellows Assemblies,26
Engine-Engine cooling system-Replacement,Gaskets,31
Drivetrain-Brakes-Rebuild,Threaded Bosses,3
Drivetrain-Axle-Rebuild,No Data,24
Drivetrain-Brakes-Rebuild,Speed and Timing Sensors,2
Drivetrain-Brakes-Rebuild,Gears,1
Drivetrain-Brakes-Repair,Accumulators Receivers and Dryers,1
Drivetrain-Brakes-Rebuild,Miscellaneous Cylinder Components,7
Drivetrain-Brakes-Rebuild,Grab Handles,13
Engine-Injector Group-Rebuild,Kit - Electronics,20
Drivetrain-Brakes-Repair,Clamps and Clips,40
Drivetrain-Brakes-Rebuild,Terminal Blocks,3
Engine-Water Pump Group-Rebuild,Belts,6
Engine-Turbo Group-Rebuild,Bearings,4
Drivetrain-Differential-Repair,Rotating Seals,7
Engine-Engine cooling system-Replacement,Thermostat,19
Drivetrain-Brakes-Repair,Planet Gears,5
Drivetrain-Axle-Rebuild,Spindles,26
Drivetrain-Brakes-Repair,Tube Components,2
Drivetrain-Differential-Repair,Retaining Rings,1
Drivetrain-Brakes-Rebuild,P&M Pressure Plates and Blocks,4
Drivetrain-Brakes-Rebuild,Other Operator Control Components,9
Drivetrain-Brakes-Repair,Latches,12
Drivetrain-Differential-Repair,Gaskets,2
Drivetrain-Differential-Repair,Thrust Washers,3
Engine-Injector Group-Rebuild,Hose Assemblies,15
Drivetrain-Brakes-Rebuild,Connector,6
Engine-Engine cooling system-Replacement,Bulk Seals,1
Drivetrain-Brakes-Rebuild,P&M Actuator and Control Parts,16
Drivetrain-Brakes-Rebuild,Kit - Electronics,16
Drivetrain-Differential-Repair,Foam Insulation and Liners,1
Drivetrain-Brakes-Repair,Hose Guards,4
Engine-Injector Group-Rebuild,Gaskets,8
Drivetrain-Axle-Rebuild,Oils,1
Drivetrain-Brakes-Repair,Breathers,1
Engine-Turbo Group-Rebuild,Dowel Pins,4
Drivetrain-Axle-Rebuild,Wheels,3
Drivetrain-Brakes-Rebuild,Brake Linings,14
Engine-Engine cooling system-Replacement,Cooling Module,7
Drivetrain-Brakes-Rebuild,Tube and Bellows Assemblies,11
Drivetrain-Brakes-Rebuild,Electrical Connectors,5
Drivetrain-Brakes-Repair,Retaining Pins,14
Engine-Turbo Group-Rebuild,Retaining Rings,3
Engine-Engine cooling system-Replacement,Radiator Caps,2
Engine-Turbo Group-Rebuild,Rounds,5
Drivetrain-Axle-Rebuild,Common Electrical Components,1
Engine-Injector Group-Rebuild,Control Valves,2
Drivetrain-Brakes-Repair,Separator Plates,5
Drivetrain-Brakes-Repair,Controls-Switching,5
Drivetrain-Brakes-Repair,Dowel Pins,13
Drivetrain-Brakes-Repair,Gears,4
Drivetrain-Brakes-Rebuild,Fasteners Rivets,2
Drivetrain-Axle-Rebuild,Bearing Retainers,1
Drivetrain-Brakes-Rebuild,Fuel Filter Components,3
Drivetrain-Brakes-Rebuild,Levers and Links,2
Drivetrain-Differential-Repair,Oils,14
Drivetrain-Brakes-Repair,Fasteners Rivets,5
Drivetrain-Axle-Rebuild,Latches,1
Drivetrain-Differential-Repair,Yoke,1
Engine-Turbo Group-Rebuild,Other Non-Metallic Covers and Supports,1
Engine-Turbo Group-Rebuild,Bars Plates and Strips,13
Drivetrain-Brakes-Rebuild,Trays,11
Drivetrain-Brakes-Rebuild,Foam Insulation and Liners,4
Engine-Water Pump Group-Rebuild,No Data,3
Drivetrain-Brakes-Repair,Brake Valves,1
Engine-Injector Group-Rebuild,Bars Plates and Strips,8
Drivetrain-Brakes-Rebuild,Information Plates,12
Drivetrain-Brakes-Rebuild,Control Valves,2
Drivetrain-Axle-Rebuild,Seals,1
Engine-Engine cooling system-Replacement,No Data,3
Engine-Engine cooling system-Replacement,Clamps and Clips,7
Drivetrain-Brakes-Rebuild,Thermostat,6
Drivetrain-Brakes-Repair,Tube and Bellows Assemblies,1
Drivetrain-Brakes-Repair,Bars Plates and Strips,1
Engine-Injector Group-Rebuild,Solid Rods,3
Engine-Injector Group-Rebuild,No Data,3
Engine-Injector Group-Rebuild,Brackets Supports and Mounts,1
Drivetrain-Axle-Rebuild,Covers,3
Drivetrain-Brakes-Rebuild,Pressure Caps,3
Drivetrain-Brakes-Repair,Bumpers,5
Engine-Water Pump Group-Rebuild,Kit - Engines,8
Engine-Water Pump Group-Rebuild,Retaining Rings,8
Drivetrain-Axle-Rebuild,Kit - Electronics,3
Engine-Engine cooling system-Replacement,Washers and Spacers,3
Drivetrain-Brakes-Rebuild,Common Electrical Components,6
Drivetrain-Differential-Repair,Shims,4
Drivetrain-Axle-Rebuild,Retaining Pins,7
Drivetrain-Brakes-Repair,Foot Pedal,4
Drivetrain-Axle-Rebuild,Temperature Sensors,2
Drivetrain-Differential-Repair,Yoke Assemblies,1
Drivetrain-Brakes-Repair,Connector Components,3
Drivetrain-Brakes-Rebuild,Manifolds,15
Drivetrain-Brakes-Repair,Brake Anchor,4
Drivetrain-Brakes-Rebuild,Structural Fabrications,11
Engine-Engine cooling system-Replacement,Lube Filters,8
Engine-Injector Group-Rebuild,Retaining Rings,9
Drivetrain-Differential-Repair,Bearings,8
Engine-Water Pump Group-Rebuild,Bolts and Screws,8
Engine-Water Pump Group-Rebuild,Fasteners Studs,2
Engine-Turbo Group-Rebuild,Elbows,1
Engine-Turbo Group-Rebuild,Connector,2
Engine-Injector Group-Rebuild,Cabin Air,1
Drivetrain-Brakes-Repair,Grommets,8
Drivetrain-Brakes-Rebuild,Compressor Bypass Valve,1
Drivetrain-Brakes-Rebuild,Heat Shrinks,1
Drivetrain-Axle-Rebuild,Dipsticks,1
Drivetrain-Brakes-Rebuild,Position Sensors,3
Drivetrain-Brakes-Rebuild,P&M Housings and Bodies,2
Engine-Turbo Group-Rebuild,Manually Operated Valves,6
Drivetrain-Brakes-Rebuild,Keys,6
Drivetrain-Axle-Rebuild,Connector Components,1
Drivetrain-Brakes-Repair,Clutch Piston,1
Engine-Turbo Group-Rebuild,Engine Bearings,3
Drivetrain-Brakes-Rebuild,Lube Filters,2
Drivetrain-Brakes-Rebuild,Hose Guards,2
Drivetrain-Axle-Rebuild,Power Socket,1
Engine-Engine cooling system-Replacement,Bolts and Screws,2
Drivetrain-Brakes-Rebuild,Mounts,2
Engine-Injector Group-Rebuild,Linkage Pins,1
Drivetrain-Differential-Repair,Shaft Seals,2
Drivetrain-Axle-Rebuild,Kit - Engines,1
Drivetrain-Brakes-Rebuild,Hyd Cylinder Groups,3
Drivetrain-Brakes-Repair,Valve Components,1
Drivetrain-Brakes-Rebuild,Ignition Switch and Key,3
Drivetrain-Brakes-Repair,Bulk Seals,7
Engine-Turbo Group-Rebuild,Foam Insulation and Liners,1
Drivetrain-Brakes-Rebuild,Brake Piston,14
Engine-Injector Group-Rebuild,Bearings,7
Drivetrain-Axle-Rebuild,Linkage Pins,1
Drivetrain-Axle-Rebuild,Other Metallic Covers,2
Drivetrain-Brakes-Repair,One Piece,1
Drivetrain-Axle-Rebuild,Keys,1
Drivetrain-Brakes-Rebuild,Latches,4
Drivetrain-Brakes-Rebuild,Alarm,2
Drivetrain-Differential-Repair,Common Electrical Components,1
Engine-Turbo Group-Rebuild,Angles and Channels,2
Engine-Injector Group-Rebuild,Angles and Channels,1
Engine-Injector Group-Rebuild,Spherical Balls,2
Drivetrain-Brakes-Repair,Sensors,1
Drivetrain-Brakes-Rebuild,Tank Groups and Assemblies,1
Drivetrain-Brakes-Rebuild,Hyd Cylinder Rod Assembly,4
Drivetrain-Brakes-Rebuild,Mounts Bushing,4
Drivetrain-Brakes-Repair,Connector,1
Engine-Turbo Group-Rebuild,Thrust Washers,2
Drivetrain-Brakes-Rebuild,Pressure Switches,5
Engine-Injector Group-Rebuild,Pins,1
Drivetrain-Axle-Rebuild,Friction Discs,1
Drivetrain-Brakes-Rebuild,Service and Repair Drivetrain and Steering Kit,1
Engine-Water Pump Group-Rebuild,Bars Plates and Strips,2
Drivetrain-Brakes-Rebuild,Yoke-Clevis,1
Drivetrain-Brakes-Repair,Kit - Electronics,2
Drivetrain-Brakes-Rebuild,Spherical Rings,3
Drivetrain-Differential-Repair,Bushing,1
Drivetrain-Brakes-Repair,Linkage Pins,4
Engine-Injector Group-Rebuild,Retaining Pins,1
Engine-Water Pump Group-Rebuild,Custom Supports,1
Drivetrain-Brakes-Rebuild,Wheels,3
Drivetrain-Axle-Rebuild,Controls-Switching,1
Drivetrain-Brakes-Repair,Rotating Seals,2
Drivetrain-Brakes-Repair,Pins,1
Engine-Turbo Group-Rebuild,Other Turbo Components,1
Drivetrain-Brakes-Rebuild,Engine Air Components,2
Drivetrain-Brakes-Rebuild,Parking Brake Discs,2
Drivetrain-Axle-Rebuild,Supports,1
Drivetrain-Brakes-Repair,Brake Linings,1
Engine-Injector Group-Rebuild,Tubes,3
Drivetrain-Differential-Repair,Bars Plates and Strips,1
Drivetrain-Brakes-Repair,Gear Groups,3
Engine-Engine cooling system-Replacement,Caps and Plugs,1
Drivetrain-Differential-Repair,Clamps and Clips,1
Engine-Turbo Group-Rebuild,Kit - Electronics,2
Engine-Injector Group-Rebuild,Manually Operated Valves,2
Drivetrain-Brakes-Rebuild,Oils,2
Engine-Engine cooling system-Replacement,Cooling Tanks,1
Engine-Engine cooling system-Replacement,Foam Insulation and Liners,1
Drivetrain-Brakes-Rebuild,Custom Supports,3
Drivetrain-Brakes-Repair,Lube Filters,5
Engine-Injector Group-Rebuild,Rod Eye,1
Engine-Turbo Group-Rebuild,Turbo Housings and Covers,1
Drivetrain-Axle-Rebuild,Grease,2
Drivetrain-Brakes-Rebuild,Liquid Level Sensors,2
Drivetrain-Differential-Repair,Caps and Plugs,1
Engine-Injector Group-Rebuild,Fuel Filter Components,2
Drivetrain-Brakes-Repair,Ignition Switch and Key,1
Drivetrain-Axle-Rebuild,Threaded Bosses,1
Drivetrain-Differential-Repair,Angles and Channels,1
Engine-Water Pump Group-Rebuild,Rod Eye,1
Engine-Injector Group-Rebuild,Common Electrical Components,1
Engine-Engine cooling system-Replacement,Harness Assembly,1
Engine-Engine cooling system-Replacement,Air Cooler,1
Drivetrain-Brakes-Rebuild,Temperature Sensors,1
Drivetrain-Brakes-Rebuild,Valves,1
Drivetrain-Brakes-Repair,Springs,1
Drivetrain-Brakes-Repair,Custom Supports,1
Drivetrain-Brakes-Repair,Threaded Bosses,2
Engine-Water Pump Group-Rebuild,Hose adapters,1
Drivetrain-Brakes-Repair,Keys,1
Drivetrain-Differential-Repair,Latches,1
Engine-Engine cooling system-Replacement,Fasteners Nuts,1
Engine-Turbo Group-Rebuild,Brackets Supports and Mounts,2
Drivetrain-Brakes-Rebuild,P&M Gears and Gear Assemblies,1
Drivetrain-Axle-Rebuild,Pins,1
Engine-Turbo Group-Rebuild,Rotating Seals,1
Engine-Injector Group-Rebuild,Bulk Seals,1
Engine-Turbo Group-Rebuild,Engine Covers,2
Drivetrain-Brakes-Rebuild,Hand Levers,1
Drivetrain-Differential-Repair,Duo Cone Group,1
Engine-Engine cooling system-Replacement,Heaters,1
Drivetrain-Axle-Rebuild,Brackets Supports and Mounts,1
Drivetrain-Brakes-Repair,Joystick Components,1
Drivetrain-Brakes-Rebuild,Fast Fill,1
Drivetrain-Axle-Rebuild,Telematics,1
Drivetrain-Axle-Rebuild,Temperature Switches,1
